Designator,Mid X,Mid Y,Layer,Rotation
C1,3.200000mm,-44.400000mm,Bottom,90.000000
C2,8.400000mm,-39.400000mm,Bottom,90.000000
C3,18.600000mm,-34.400000mm,Bottom,90.000000
C4,16.600000mm,-34.200000mm,Bottom,90.000000
C5,16.600000mm,-24.000000mm,Bottom,90.000000
C6,18.200000mm,-24.000000mm,Bottom,90.000000
C7,7.400000mm,-24.000000mm,Bottom,90.000000
C8,10.600000mm,-41.000000mm,Bottom,90.000000
C9,7.200000mm,-30.300000mm,Bottom,0.000000
C10,3.000000mm,-28.000000mm,Bottom,90.000000
C11,6.200000mm,-21.600000mm,Bottom,0.000000
C12,21.500000mm,-41.300000mm,Bottom,90.000000
C13,21.500000mm,-11.800000mm,Bottom,90.000000
C14,21.500000mm,-14.700000mm,Bottom,90.000000
C15,21.500000mm,-17.600000mm,Bottom,90.000000
C16,21.500000mm,-20.500000mm,Bottom,90.000000
C17,21.500000mm,-23.400000mm,Bottom,90.000000
C18,21.500000mm,-26.300000mm,Bottom,90.000000
C19,21.500000mm,-29.200000mm,Bottom,90.000000
C20,21.500000mm,-32.100000mm,Bottom,90.000000
C21,21.500000mm,-35.000000mm,Bottom,90.000000
C22,21.500000mm,-37.900000mm,Bottom,90.000000
D1,12.600000mm,-15.000000mm,Bottom,0.000000
D2,12.600000mm,-17.200000mm,Bottom,0.000000
D3,19.600000mm,-6.600000mm,Bottom,0.000000
Q1,18.600000mm,-12.600000mm,Bottom,0.000000
Q2,18.600000mm,-16.400000mm,Bottom,0.000000
R1,16.000000mm,-12.600000mm,Bottom,90.000000
R2,16.000000mm,-16.400000mm,Bottom,90.000000
R3,9.400000mm,-15.000000mm,Bottom,90.000000
R4,16.400000mm,-19.600000mm,Bottom,0.000000
R5,18.800000mm,-19.600000mm,Bottom,0.000000
R6,16.600000mm,-28.400000mm,Bottom,90.000000
R7,6.200000mm,-19.600000mm,Bottom,0.000000
R8,8.600000mm,-19.600000mm,Bottom,0.000000
R9,5.600000mm,-38.800000mm,Bottom,0.000000
R10,16.000000mm,-6.600000mm,Bottom,0.000000
R11,9.800000mm,-28.900000mm,Bottom,90.000000
SW1,6.500000mm,-4.400000mm,Bottom,0.000000
U1,12.000000mm,-24.000000mm,Bottom,0.000000
U2,5.600000mm,-41.400000mm,Bottom,0.000000
U3,18.600000mm,-31.000000mm,Bottom,0.000000
Y1,5.900000mm,-27.600000mm,Bottom,0.000000
LED1,20.750000mm,-40.000000mm,Top,0.000000
LED2,17.250000mm,-40.000000mm,Top,0.000000
LED3,13.750000mm,-40.000000mm,Top,0.000000
LED4,10.250000mm,-40.000000mm,Top,0.000000
LED5,6.750000mm,-40.000000mm,Top,0.000000
LED6,3.250000mm,-40.000000mm,Top,0.000000
LED7,3.250000mm,-36.500000mm,Top,180.000000
LED8,6.750000mm,-36.500000mm,Top,180.000000
LED9,10.250000mm,-36.500000mm,Top,180.000000
LED10,13.750000mm,-36.500000mm,Top,180.000000
LED11,17.250000mm,-36.500000mm,Top,180.000000
LED12,20.750000mm,-36.500000mm,Top,180.000000
LED13,20.750000mm,-33.000000mm,Top,0.000000
LED14,17.250000mm,-33.000000mm,Top,0.000000
LED15,13.750000mm,-33.000000mm,Top,0.000000
LED16,10.250000mm,-33.000000mm,Top,0.000000
LED17,6.750000mm,-33.000000mm,Top,0.000000
LED18,3.250000mm,-33.000000mm,Top,0.000000
LED19,3.250000mm,-29.500000mm,Top,180.000000
LED20,6.750000mm,-29.500000mm,Top,180.000000
LED21,10.250000mm,-29.500000mm,Top,180.000000
LED22,13.750000mm,-29.500000mm,Top,180.000000
LED23,17.250000mm,-29.500000mm,Top,180.000000
LED24,20.750000mm,-29.500000mm,Top,180.000000
LED25,20.750000mm,-26.000000mm,Top,0.000000
LED26,17.250000mm,-26.000000mm,Top,0.000000
LED27,13.750000mm,-26.000000mm,Top,0.000000
LED28,10.250000mm,-26.000000mm,Top,0.000000
LED29,6.750000mm,-26.000000mm,Top,0.000000
LED30,3.250000mm,-26.000000mm,Top,0.000000
LED31,3.250000mm,-22.500000mm,Top,180.000000
LED32,6.750000mm,-22.500000mm,Top,180.000000
LED33,10.250000mm,-22.500000mm,Top,180.000000
LED34,13.750000mm,-22.500000mm,Top,180.000000
LED35,17.250000mm,-22.500000mm,Top,180.000000
LED36,20.750000mm,-22.500000mm,Top,180.000000
LED37,20.750000mm,-19.000000mm,Top,0.000000
LED38,17.250000mm,-19.000000mm,Top,0.000000
LED39,13.750000mm,-19.000000mm,Top,0.000000
LED40,10.250000mm,-19.000000mm,Top,0.000000
LED41,6.750000mm,-19.000000mm,Top,0.000000
LED42,3.250000mm,-19.000000mm,Top,0.000000
LED43,3.250000mm,-15.500000mm,Top,180.000000
LED44,6.750000mm,-15.500000mm,Top,180.000000
LED45,10.250000mm,-15.500000mm,Top,180.000000
LED46,13.750000mm,-15.500000mm,Top,180.000000
LED47,17.250000mm,-15.500000mm,Top,180.000000
LED48,20.750000mm,-15.500000mm,Top,180.000000
LED49,20.750000mm,-12.000000mm,Top,0.000000
LED50,17.250000mm,-12.000000mm,Top,0.000000
LED51,13.750000mm,-12.000000mm,Top,0.000000
LED52,10.250000mm,-12.000000mm,Top,0.000000
LED53,6.750000mm,-12.000000mm,Top,0.000000
LED54,3.250000mm,-12.000000mm,Top,0.000000
LED55,3.250000mm,-8.500000mm,Top,180.000000
LED56,6.750000mm,-8.500000mm,Top,180.000000
LED57,10.250000mm,-8.500000mm,Top,180.000000
LED58,13.750000mm,-8.500000mm,Top,180.000000
LED59,17.250000mm,-8.500000mm,Top,180.000000
LED60,20.750000mm,-8.500000mm,Top,180.000000
